Function Name,Input Name,Input Size,Execution Time
shasum,ilamchto.ir,,0.003455667
business-strategy-generator,honar.ac.ir0,,0.003056886
qrcode-go,irica.gov.ir,,0.017577019
qrcode-go,srttu.edu,,0.018455703
shasum,mosharekat.medu.ir,,0.001271437
business-strategy-generator,khn.medu.ir5,,0.002676005
qrcode-go,qom.medu.ir,,0.011973792
shasum,irica.gov.ir,,0.002336987
qrcode-go,hadafmandi.ir,,0.013501707
shasum,ncc.org.ir,,0.001052234
shasum,mfa.gov.ir,,0.001082651
qrcode-go,mfa.gov.ir,,0.01777252
face-blur,http://mvatandoosts.ir/assets/images/I27.jpg,13337,0.787494882
business-strategy-generator,hadafmandi.ir12,,0.004526812
face-detect-pigo,http://mvatandoosts.ir/assets/images/I17.jpg,24567,0.778788593
qrcode-go,mfa.gov.ir,,0.022848942
qrcode-go,cila.ir,,0.027958353
face-blur,http://mvatandoosts.ir/assets/images/I29.jpg,14955,0.940077439
face-blur,http://mvatandoosts.ir/assets/images/I22.jpg,13977,0.788764859
shasum,mosharekat.medu.ir,,0.003675804
face-detect-pigo,http://mvatandoosts.ir/assets/images/I19.jpg,15014,0.876488105
qrcode-go,zanjan.ichto.ir,,0.028166274
business-strategy-generator,lorestan.medu.ir16,,0.00343332
qrcode-go,ilam.ict.gov.ir,,0.014412302
business-strategy-generator,postbank.ir18,,0.00400574
qrcode-go,ncc.org.ir,,0.02013531
face-blur,http://mvatandoosts.ir/assets/images/I30.jpg,14013,0.858556715
business-strategy-generator,roostaa.ir20,,0.004460031
shasum,miras.kr.ir,,0.008213393
shasum,cila.ir,,0.002526456
business-strategy-generator,qom.medu.ir21,,0.01295488
face-blur,http://mvatandoosts.ir/assets/images/I14.jpg,20925,0.859767482
face-detect-pigo,http://mvatandoosts.ir/assets/images/I28.jpg,13017,0.685508175
business-strategy-generator,lvp.ir22,,0.002942514
shasum,honar.ac.ir,,0.009702256
qrcode-go,honar.ac.ir,,0.018506886
shasum,ilam.medu.ir,,0.001464742
face-blur,http://mvatandoosts.ir/assets/images/I24.jpg,14768,0.853136409
business-strategy-generator,mfa.gov.ir25,,0.002188691
face-detect-pigo,http://mvatandoosts.ir/assets/images/I24.jpg,14768,1.071962497
shasum,isrc.ac.ir,,0.002177979
face-detect-pigo,http://mvatandoosts.ir/assets/images/I24.jpg,14768,0.624686028
face-detect-pigo,http://mvatandoosts.ir/assets/images/I13.jpg,14162,0.536451074
business-strategy-generator,cila.ir31,,0.003232479
business-strategy-generator,ilamchto.ir32,,0.005747923
face-blur,http://mvatandoosts.ir/assets/images/I30.jpg,14013,0.732627725
face-blur,http://mvatandoosts.ir/assets/images/I21.jpg,13851,0.671941422
face-blur,http://mvatandoosts.ir/assets/images/I15.jpg,14751,0.581160665
shasum,khn.medu.ir,,0.002307676
qrcode-go,lvp.ir,,0.025935784
face-detect-pigo,http://mvatandoosts.ir/assets/images/I19.jpg,15014,0.705612073
shasum,hbi.ir,,0.001186503
business-strategy-generator,hadafmandi.ir37,,0.005791095
face-detect-pigo,http://mvatandoosts.ir/assets/images/I11.jpg,14153,0.872247053
qrcode-go,aeoi.org.ir,,0.016359643
shasum,zakhireh.co.ir,,0.002095186
face-detect-pigo,http://mvatandoosts.ir/assets/images/I26.jpg,13269,0.701492959
face-detect-pigo,http://mvatandoosts.ir/assets/images/I24.jpg,14768,1.040493905
face-blur,http://mvatandoosts.ir/assets/images/I11.jpg,14153,0.847127801
